,trending,id
0,True,6894081763379924229
1,True,6885766692627107077
2,True,6890571273110392065
3,True,6880410980434660610
4,True,6907943881829059841
5,True,6907971568165604610
6,True,6900606242016840962
7,True,6906814891034823938
8,True,6880196605513927938
9,True,6895082457968725249
10,True,6898699405898059010
11,True,6908031436243225858
12,True,6902010787800370433
13,True,6904650067999821057
14,True,6902420063882628357
15,True,6908292605101051137
16,True,6877458289978821889
17,True,6901322841849974017
18,True,6882769301615496450
19,True,6906741890503183621
20,True,6882395409973660930
21,True,6896522195581897989
22,True,6905761532039220482
23,True,6891212276406160641
24,True,6878330292701121794
25,True,6892822437671570690
26,True,6908113835845012742
27,True,6876374255974501633
28,True,6906757897628192005
29,True,6895497835681287426
30,True,6888218363923942657
31,True,6888031153173892353
32,True,6904536120755768578
33,True,6879192624402582790
34,True,6879476802050460934
35,True,6888753654594145537
36,True,6908543785303608581
37,True,6906845094473649410
38,True,6897931927257484545
39,True,6881838035051269377
40,True,6905790048197758210
41,True,6889774570367192322
42,True,6883841665841270017
43,True,6876417380151479553
44,True,6899346784921849090
45,True,6899884198279073025
46,True,6899113568092949761
47,True,6890302116246637825
48,True,6876512902929599745
49,True,6889807558618418433
50,True,6901795238021696769
51,True,6906969301446593793
52,True,6892512401351085313
53,True,6884265711980645634
54,True,6905530005711768833
55,True,6895357815066529026
56,True,6902724999757532418
57,True,6876156631651077381
58,True,6877219156186500354
59,True,6876835225989664002
60,True,6907966191059356929
61,True,6880446332352367873
62,True,6900050539141270785
63,True,6905462755919269121
64,True,6906885936366259457
65,True,6878404258367163654
66,True,6896760414055435521
67,True,6904096377152785665
68,True,6903508885970193666
69,True,6876827705950752005
70,True,6880259329434324226
71,True,6894259747290123521
72,True,6877530962742217985
73,True,6890329452253908230
74,True,6901216792186785025
75,True,6899676363188473093
76,True,6880983457019809026
77,True,6906776161221758210
78,True,6893906975730584833
79,True,6901655785407909121
80,True,6897348095844027649
81,True,6884400510699343109
82,True,6885276983870196994
83,True,6875651291343883522
84,True,6899171884571626753
85,True,6904638377530772741
86,True,6901387960424484097
87,True,6896474585798053121
88,True,6880122437594270978
89,True,6897013361804938497
90,True,6902555378651794690
91,True,6878138606205029634
92,True,6893496095779933442
93,True,6907692740469902593
94,True,6884947969469156609
95,True,6908336148037274881
96,True,6879055868676132097
97,True,6881844264750353665
98,True,6899136673347685634
99,True,6902424258006273281
100,True,6896614154682125570
101,True,6904040351607147781
102,True,6879769716567657730
103,True,6899706911059397893
104,True,6898020845189434625
105,True,6890336478094773505
106,True,6896943341666127105
107,True,6881040494332366086
108,True,6907213826681261314
109,True,6891908752539274497
110,True,6900566632859585793
111,True,6891645928797703425
112,True,6903178284012522754
113,True,6886119631011007745
114,True,6907187437986958593
115,True,6884703655182880002
116,True,6898859679217143046
117,True,6897704483288124673
118,True,6894377684403604738
119,True,6899164169870773505
120,True,6896965832933477638
121,True,6877606750900538626
122,True,6895420478932946177
123,True,6887527163617201410
124,True,6882041935029226754
125,True,6904037272048389378
126,True,6907292013293505794
127,True,6891275439826930946
128,True,6901815472178646274
129,True,6882038951134137601
130,True,6899116261746281730
131,True,6890631109583867137
132,True,6892769736589888770
133,True,6907659902789897474
134,True,6883331225197563141
135,True,6875468410612993286
136,True,6908353046783347969
137,True,6881502944353717506
138,True,6882079709484649729
139,True,6889521523833474305
140,True,6884265104637005057
141,True,6875342937002085633
142,True,6879452591953153282
143,True,6882735576160783617
144,True,6903317821770484994
145,True,6899619652402449670
146,True,6906519148025629953
147,True,6903324940011916546
148,True,6899557108593773829
149,True,6904973629524692230
150,True,6904976916437044482
151,True,6893869437884091649
152,True,6891641815447932166
153,True,6877182502390353153
154,True,6878796954650889473
155,True,6901195423273291009
156,True,6884999522360052993
157,True,6903923265945849089
158,True,6887590237191572738
159,True,6893035754067430658
160,True,6904148139716955394
161,True,6882404595394563330
162,True,6888428739861040386
163,True,6902096916776209665
164,True,6884114945026411778
165,True,6886872042411494658
166,True,6895808596605537537
167,True,6889162600534330625
168,True,6902476909045615877
169,True,6898452394418523398
170,True,6890903823381056769
171,True,6880924024227040513
172,True,6902048470417378561
173,True,6876860979787959554
174,True,6903061991225691394
175,True,6900949746962238721
176,True,6903924035164376321
177,True,6896497936558001410
178,True,6904743507693554950
179,True,6900916467936529666
180,True,6882670049648200962
181,True,6891751258835750146
182,True,6901122865928670466
183,True,6875436892226178305
184,True,6879439535726529794
185,True,6904612666099305729
186,True,6887618500307864833
187,True,6878590867968380162
188,True,6908311912941931777
189,True,6877747486451043590
190,True,6890707606579563781
191,True,6903653180282817794
192,True,6897026408372096261
193,True,6898328700476083457
194,True,6907974329305156866
195,True,6886033905531538689
196,True,6897200586106752258
197,True,6902941615376157954
198,True,6884749597864987905
199,True,6875621663564680450
200,True,6884646106970590470
201,True,6907540932682321153
202,True,6892701445603298561
203,True,6907614572048305409
204,True,6889502513469410565
205,True,6899499316600147201
206,True,6883604590525156609
207,True,6901321675988651265
208,True,6896543335259933958
209,True,6904335595301080325
210,True,6890655206644747522
211,True,6904422505843363077
212,True,6891424030172253442
213,True,6904238654751870209
214,True,6907253227490725122
215,True,6893140398403816706
216,True,6904338682598264069
217,True,6895048600355704070
218,True,6882419822806699266
219,True,6889414816922930433
220,True,6880741941860928773
221,True,6883484287434378497
222,True,6900492821862599938
223,True,6887645369895898369
224,True,6880986381309562118
225,True,6881662658794294529
226,True,6877179236386376961
227,True,6882870430625975557
228,True,6903247940127640834
229,True,6908295874653342978
230,True,6907464609116982529
231,True,6883180152164011265
232,True,6891455289002839301
233,True,6884688821976354049
234,True,6908179105494174982
235,True,6892150387453725953
236,True,6895741298297359617
237,True,6888373722546294022
238,True,6884777374508911874
239,True,6906604842081357057
240,True,6901155395100806401
241,True,6883094233935252737
242,True,6893823598432226561
243,True,6880671806965959938
244,True,6875453919879908614
245,True,6903898067490163969
246,True,6876245387871587590
247,True,6877869447999245569
248,True,6886291383246671109
249,True,6879440891853982978
250,True,6908298047470472450
251,True,6882831253519731970
252,True,6879439037619342598
253,True,6897916296025885954
254,True,6897593866283650306
255,True,6895317957522541825
256,True,6904256013650758914
257,True,6880848041792802053
258,True,6878676626108992769
259,True,6901026135119760642
260,True,6900478499933408513
261,True,6901787858395286786
262,True,6908110392422092033
263,True,6899843622355750145
264,True,6904359798809054470
265,True,6882436135214238981
266,True,6908391851418471682
267,True,6894047232274812165
268,True,6896407441815260418
269,True,6903809474268646658
270,True,6876787355181665537
271,True,6897643701426752770
272,True,6882508731343506694
273,True,6904396013923060994
274,True,6887617610196733186
275,True,6905961818062114054
276,True,6887366313526709510
277,True,6891318229881343234
278,True,6900563923892800769
279,True,6906933953777700097
280,True,6890594872328195333
281,True,6890954152281918721
282,True,6884946806833188097
283,True,6882770369573358853
284,True,6905378500392324354
285,True,6883894825855274242
286,True,6878961920859262210
287,True,6886527878100438273
288,True,6887458979954347266
289,True,6897699853720161542
290,True,6876422232772578561
291,True,6885675789090704641
292,True,6888847866157223169
293,True,6897625010668637441
294,True,6880225229415681282
295,True,6898363189080214786
296,True,6877816601308073218
297,True,6893253061305732357
298,True,6904391934735944961
299,True,6906224943332068610
300,True,6876805952117558529
301,True,6906514521582570753
302,True,6881909763723037954
303,True,6907233534893640965
304,True,6906565635371764993
305,True,6906649897869659394
306,True,6902115301094116610
307,True,6878300825932860674
308,True,6901995461238934785
309,True,6898642858484567297
310,True,6895089837150440710
311,True,6904496575930731778
312,True,6904978624085069057
313,True,6901670973137898753
314,True,6883066746559794434
315,True,6884030480736324869
316,True,6888474204623195397
317,True,6907297390638714118
318,True,6907344809195736326
319,True,6901276629268581633
320,True,6898178733824281861
321,True,6889412974012943618
322,True,6901020148426099969
323,True,6879902533876337925
324,True,6899852150793358594
325,True,6907108578482457861
326,True,6903940573091187973
327,True,6906940104053476609
328,True,6907990866284088578
329,True,6907808236133469445
330,True,6878668790503116038
331,True,6879871451772620033
332,True,6899441890677116162
333,True,6903703219923340550
334,True,6891776298784509185
335,True,6907334602017344774
336,True,6896976403208604934
337,True,6903574645899939074
338,True,6890568657986931970
339,True,6893875244742741253
340,True,6904429617021570306
341,True,6893247155738299650
342,True,6891713222534089985
343,True,6878710443926473986
344,True,6884257667573894401
345,True,6895703273773321474
346,True,6885540773987667205
347,True,6902938842874121474
348,True,6905063271129287938
349,True,6904391764824608005
350,True,6908111363365768453
351,True,6904823810994818310
352,True,6898523009406045445
353,True,6877191692341054721
354,True,6889092649895087362
355,True,6901592880129805570
356,True,6890352437425638658
357,True,6905505804959452417
358,True,6901719665584672005
359,True,6902819837345533186
360,True,6892107260181499137
361,True,6898056960432704770
362,True,6892711484695121153
363,True,6886618708731546886
364,True,6907950986871000322
365,True,6905816780938235138
366,True,6905849998680820993
367,True,6897030279106530561
368,True,6904726306047446274
369,True,6883270499741273349
370,True,6886904360207469825
371,True,6906243777036389637
372,True,6892784023928704258
373,True,6880527115037478145
374,True,6904736629454359813
375,True,6904344469747911942
376,True,6887562050265025794
377,True,6906249909863779585
378,True,6885293067562192130
379,True,6908069845825359109
380,True,6886450016785894658
381,True,6892345024227331330
382,True,6883594464900779270
383,True,6894316591450705154
384,True,6879809686552530178
385,True,6880865616215952641
386,True,6885246252078910722
387,True,6891240671357816065
388,True,6908266212787047686
389,True,6899964626478320902
390,True,6893611785295793410
391,True,6899519135198383361
392,True,6889466576051932421
393,True,6882043160806116609
394,True,6884340073693859074
395,True,6894926988453186817
396,True,6879772200065436929
397,True,6905408660185320706
398,True,6891396863979769093
399,True,6893910918913117441
400,True,6880162735208877314
401,True,6901321371113032962
402,True,6899109657395219717
403,True,6902725059429911809
404,True,6903134814715661570
405,True,6879022410528541953
406,True,6884902907439779074
407,True,6885153736222706949
408,True,6905490815309729025
409,True,6900951421374516481
410,True,6882388794671107330
411,True,6900948690186407170
412,True,6903969832719453445
413,True,6884981528430988546
414,True,6878259877353966850
415,True,6886917791429954817
416,True,6882598038947286274
417,True,6907792796111981829
418,True,6879933206460648706
419,True,6888809548895849734
420,True,6898721943978036481
421,True,6881250870374321414
422,True,6883948403730992386
423,True,6906559972839034117
424,True,6880928709956635909
425,True,6883565215552654593
426,True,6875862825932180738
427,True,6875405441472498949
428,True,6890298155766697221
429,True,6908342087528254722
430,True,6895349449107754245
431,True,6885861410329332998
432,True,6900735754700459270
433,True,6886192005270064386
434,True,6875739742340762885
435,True,6905409625726766341
436,True,6875373441432816898
437,True,6904610600870038786
438,True,6884352491505388801
439,True,6904264506998951169
440,True,6877774951361875201
441,True,6884970166489271557
442,True,6886231790332218629
443,True,6881741305345592577
444,True,6887946160837790982
445,True,6904279792388984066
446,True,6892440916234210566
447,True,6881353341465611525
448,True,6901832410091064582
449,True,6895851157751680258
450,True,6886856236667636993
451,True,6907365817118166278
452,True,6895488257920945414
453,True,6902680579989359874
454,True,6879936527829404933
455,True,6881719705028021509
456,True,6896035426092453122
457,True,6887391026848320774
458,True,6907309069904776454
459,True,6895756274844077314
460,True,6881317813173095681
461,True,6905635666588192002
462,True,6894955763098193154
463,True,6886068485345070337
464,True,6898035916682710274
465,True,6885802277555293441
466,True,6889769067306061057
467,True,6893922308096937222
468,True,6877789463221947650
469,True,6890871255134752006
470,True,6893536744218627330
471,True,6878340953933876482
472,True,6899729878560656641
473,True,6902512873109605634
474,True,6906170881626754309
475,True,6893521307023969538
476,True,6880592183720676614
477,True,6876603307708665093
478,True,6884691950478298370
479,True,6887853904697101570
480,True,6893676462788840709
481,True,6891310470830034182
482,True,6907670356887211265
483,True,6885779594901867777
484,True,6879724138114665730
485,True,6887596160656215298
486,True,6901458108372077826
487,True,6906416223785864450
488,True,6903990740993477894
489,True,6879842043880017154
490,True,6905763366166367489
491,True,6907997809094495494
492,True,6908408424610974977
493,True,6883600153593367810
494,True,6906136469144964357
495,True,6902038249573731586
496,True,6895890526185213186
497,True,6903050763124215042
498,True,6899884609530612993
499,True,6903190549960920321
500,False,6897699752469695745
501,False,6902810912416189701
502,False,6875691073499352321
503,False,6900178346919857410
504,False,6895042572994104581
505,False,6896784100976315650
506,False,6886946250336324870
507,False,6889105902234864901
508,False,6902048025334615297
509,False,6907570846215294210
510,False,6905110082913045762
511,False,6885565252151315718
512,False,6884266018936573189
513,False,6900196713852701954
514,False,6895846066961337601
515,False,6882850172854979845
516,False,6898791307016146177
517,False,6900396011722689793
518,False,6876369534018669825
519,False,6888453982440770821
520,False,6902084818440408321
521,False,6884574278134582529
522,False,6877167604100910337
523,False,6882854042016419074
524,False,6879055195330858245
525,False,6893282758790008065
526,False,6904271117783928065
527,False,6906126061696863489
528,False,6880924761333959938
529,False,6888059613158362369
530,False,6897535476454952194
531,False,6889856262431837441
532,False,6906571896683285761
533,False,6893935935684185346
534,False,6902412854188674306
535,False,6905034791188434177
536,False,6905077243240877313
537,False,6905060523184901381
538,False,6899978363759267073
539,False,6899128133430037765
540,False,6889521293306236161
541,False,6895806487784869122
542,False,6900197975818095873
543,False,6883211681988627714
544,False,6895491816532069637
545,False,6907635850985704709
546,False,6896885048063167745
547,False,6881624031561354498
548,False,6903551807230872833
549,False,6891973965238111489
550,False,6875378565614013697
551,False,6876318382703070465
552,False,6884153193425636610
553,False,6893087415263644930
554,False,6888722307603336453
555,False,6905109455466220805
556,False,6901681280128208130
557,False,6876862444988402945
558,False,6896520019082005761
559,False,6891048135716506886
560,False,6881218787157216514
561,False,6905356954621824257
562,False,6888423769107385601
563,False,6882975789143379201
564,False,6875394675985992966
565,False,6878601415150062850
566,False,6884860645364354306
567,False,6878517470894836998
568,False,6892096873453145350
569,False,6902436491536944386
570,False,6875639469563759873
571,False,6901420903322635525
572,False,6897028685413633281
573,False,6903579807641095430
574,False,6907491921220947205
575,False,6907211930755271942
576,False,6891793639643647238
577,False,6903552918159379713
578,False,6880493048011263233
579,False,6901063021955681541
580,False,6903188918078852354
581,False,6903585019017645314
582,False,6904778229526039813
583,False,6887605177591942405
584,False,6883622094190497025
585,False,6885654253826870530
586,False,6891183356097187074
587,False,6886223121397894405
588,False,6875749962681044230
589,False,6898350532415540482
590,False,6896962911969758466
591,False,6879407225769692418
592,False,6905772202600189189
593,False,6877337975030598917
594,False,6906244949176569093
595,False,6898295232723471617
596,False,6900302214896618757
597,False,6881428016275197186
598,False,6903157559578987777
599,False,6906797341341224193
600,False,6899462833088531714
601,False,6898057246270328070
602,False,6885248860281654529
603,False,6899811757322194177
604,False,6880839179677256962
605,False,6894591131565247745
606,False,6904739327385799942
607,False,6903954146630569217
608,False,6904657340679654661
609,False,6908143157616151813
610,False,6901723835310116101
611,False,6884239332329164034
612,False,6903949620775324930
613,False,6881793753036721414
614,False,6879837374927490306
615,False,6886459209051852038
616,False,6893189880231283970
617,False,6883532351960288518
618,False,6886816932222356741
619,False,6888254914754006274
620,False,6898451979207478533
621,False,6886011511391718657
622,False,6881035542830550278
623,False,6892582021672013061
624,False,6907101598074391810
625,False,6899845326161595649
626,False,6899861794760690945
627,False,6880161721349311746
628,False,6905755896115236098
629,False,6898062975186242817
630,False,6890189236130073857
631,False,6902015702576762113
632,False,6878282456382835973
633,False,6879756807481363714
634,False,6886517104871279874
635,False,6904174259589958913
636,False,6898706823541542146
637,False,6906880148352552193
638,False,6905698143560633602
639,False,6905010590108978437
640,False,6902733196811635969
641,False,6887890425844141313
642,False,6906822328580181250
643,False,6898107264805244162
644,False,6901798489315921158
645,False,6899141975178480898
646,False,6906884442728516865
647,False,6884590643327290625
648,False,6896980233421933829
649,False,6878841351916637441
650,False,6881414725075242246
651,False,6876262384093236485
652,False,6906503615284808961
653,False,6891327911140314370
654,False,6904182931909004545
655,False,6900102046876208386
656,False,6891908639829937410
657,False,6896176955624918274
658,False,6879086409496497410
659,False,6902725442260749570
660,False,6899791521470778625
661,False,6897961707491085569
662,False,6901344153343364354
663,False,6891434870057340162
664,False,6886981950180003073
665,False,6904294597862755585
666,False,6891017445188848898
667,False,6888826582786395394
668,False,6883011295763860738
669,False,6895710777043455234
670,False,6895453128989101313
671,False,6896172646669552897
672,False,6906515542035746050
673,False,6899411430660001026
674,False,6876645435625262338
675,False,6875872124968439046
676,False,6898194233778261250
677,False,6892654388314164482
678,False,6894206452450217217
679,False,6891693185693797634
680,False,6882920923314326785
681,False,6896810007157935362
682,False,6884868479267147010
683,False,6886115520425266433
684,False,6888423046529518853
685,False,6886527144478936321
686,False,6903527132979318018
687,False,6903908757386841346
688,False,6905378711986801922
689,False,6887443398446550273
690,False,6907228749016714497
691,False,6895338661622123777
692,False,6886026780914846978
693,False,6893481053441281282
694,False,6886331836444790018
695,False,6894039333100129537
696,False,6889517297606708482
697,False,6899510560556158209
698,False,6896449137420619009
699,False,6877726677334510849
700,False,6878231837710372098
701,False,6898022622110436609
702,False,6906058362128010498
703,False,6899555224801791234
704,False,6907268705248464129
705,False,6900932062853893378
706,False,6878715680728911106
707,False,6898394169249762562
708,False,6905031739127713026
709,False,6882317577692138754
710,False,6898598426590678273
711,False,6905139893425474818
712,False,6879123852467768581
713,False,6885582410579184897
714,False,6879705053884697858
715,False,6893028172024139009
716,False,6885161134748404998
717,False,6886464165549001986
718,False,6898373135121321218
719,False,6886417103046380801
720,False,6892201986381335810
721,False,6896895803676200198
722,False,6889769258981575938
723,False,6899477494659960066
724,False,6886298413885918465
725,False,6899867641570135302
726,False,6893433380352822529
727,False,6906640842543418630
728,False,6901972269636078850
729,False,6894262046720986369
730,False,6891701560221404417
731,False,6902406836176162049
732,False,6888750527845485825
733,False,6891273557981023489
734,False,6900185373540961537
735,False,6899418795987717377
736,False,6903867852672077057
737,False,6900632361621392642
738,False,6903934953705245954
739,False,6907193077371309313
740,False,6882153629034269957
741,False,6876130849683770625
742,False,6888322901305478401
743,False,6876760427229957377
744,False,6895072166828576001
745,False,6890518277752163585
746,False,6889831681469975810
747,False,6876007447883042050
748,False,6893846505656995073
749,False,6906139639753559298
750,False,6896237474381614338
751,False,6878665609870052610
752,False,6905029441760578818
753,False,6879223075980741889
754,False,6893741937132604673
755,False,6904066579655396610
756,False,6899842091749215489
757,False,6878794517391150337
758,False,6893596137022934274
759,False,6893183413965147394
760,False,6883508337380478209
761,False,6906818204966915330
762,False,6903854177072499969
763,False,6906504850712907009
764,False,6898628429298568450
765,False,6876674985746795778
766,False,6907818554905726214
767,False,6896571117419416834
768,False,6904966483730894082
769,False,6907668397484559617
770,False,6883928153727831297
771,False,6900701600440978694
772,False,6897005299798936834
773,False,6876643374548438274
774,False,6898613799402753281
775,False,6878791400289225985
776,False,6893175582482255109
777,False,6900256765527477506
778,False,6892756720829893890
779,False,6881841137934454017
780,False,6901276149175815426
781,False,6880694458552175874
782,False,6901356285833252098
783,False,6899411373265063170
784,False,6899489414460837121
785,False,6895768030618438913
786,False,6889452355486485762
787,False,6905763253192789253
788,False,6883133559482191105
789,False,6902103334392450306
790,False,6898332186299337986
791,False,6880080548086172929
792,False,6893922616696999169
793,False,6906112097554271490
794,False,6886117069851479297
795,False,6886654544126758146
796,False,6899104646543969537
797,False,6904651986059218178
798,False,6894050180300131585
799,False,6888741138941955330
800,False,6880239600590212353
801,False,6882734270910188802
802,False,6897420741642390789
803,False,6890553472937200898
804,False,6906137577003175169
805,False,6895156886409137410
806,False,6902751117805899009
807,False,6905053286374706433
808,False,6892805816492084481
809,False,6895916039683525890
810,False,6897011186349411586
811,False,6878973704689175809
812,False,6902459846260559106
813,False,6888483056588508417
814,False,6879703604249332993
815,False,6904227603067047170
816,False,6889624721005006085
817,False,6877301356101782785
818,False,6896488817528753409
819,False,6878510237784083713
820,False,6891747931905330433
821,False,6897270609915661569
822,False,6889402787612937473
823,False,6886679044323020033
824,False,6877178763474423041
825,False,6896548159820926209
826,False,6880203069192211713
827,False,6889539392105352450
828,False,6886619249889070337
829,False,6883070138279677186
830,False,6899784988095499522
831,False,6882817271899770114
832,False,6892735023372389634
833,False,6876145412105899265
834,False,6888353150521134338
835,False,6886763008966577410
836,False,6895318771666308354
837,False,6875317312082201857
838,False,6896759523105672449
839,False,6888849748615367937
840,False,6889446389349125377
841,False,6899001802130197761
842,False,6877411003160694017
843,False,6904986469501259014
844,False,6878531534303857922
845,False,6891064220658502913
846,False,6879952519586450690
847,False,6900621838653869313
848,False,6878650367668653314
849,False,6876716527186382081
850,False,6884031629522717953
851,False,6899737900120935681
852,False,6883082488101555462
853,False,6892133738705177857
854,False,6906870391466216709
855,False,6892685850996509953
856,False,6898757137154051330
857,False,6892015573861993730
858,False,6878834531911224577
859,False,6890591494126718210
860,False,6897185128322174209
861,False,6887581168858893569
862,False,6880750408302693637
863,False,6889412761927847169
864,False,6907916640386813185
865,False,6900076260693724417
866,False,6908309278365404418
867,False,6889818292337249538
868,False,6903738407227297026
869,False,6885726005357530370
870,False,6904798749290286341
871,False,6897328348192656641
872,False,6904692946486971649
873,False,6905705430886944002
874,False,6899086619228376321
875,False,6905464131097332997
876,False,6884399255302245633
877,False,6886472762878151937
878,False,6878457763668823298
879,False,6879699550303538434
880,False,6882348124120108289
881,False,6899736406495677697
882,False,6881237651702254850
883,False,6890351133366209793
884,False,6897397404421688578
885,False,6882438480786459906
886,False,6906077607750618369
887,False,6883063619202993409
888,False,6903994055907118338
889,False,6894393861238557954
890,False,6901216725325384961
891,False,6886215675350666497
892,False,6883896778995846402
893,False,6878719985535962369
894,False,6905298511470890241
895,False,6877473712652799234
896,False,6897251091910528257
897,False,6899108523091823874
898,False,6881636686606912770
899,False,6886765050355289346
900,False,6882738915724233985
901,False,6905831259478461698
902,False,6888010128486845698
903,False,6897549344015371521
904,False,6883165648290139394
905,False,6904909762027195649
906,False,6897940245858258177
907,False,6881297980456996097
908,False,6880508779109125378
909,False,6904384164641000705
910,False,6908460695461891329
911,False,6890991934324755713
912,False,6879222014880664833
913,False,6877796349459336450
914,False,6888341759622008066
915,False,6903974884154608897
916,False,6875323773755657474
917,False,6884795858827644161
918,False,6900235731059494145
919,False,6878254482698816770
920,False,6899497158769200385
921,False,6882071585621069058
922,False,6879844969687878914
923,False,6900344945777872133
924,False,6881337151901027586
925,False,6892449418851716354
926,False,6898415159249816833
927,False,6897664007780568321
928,False,6883458545451388161
929,False,6875528457388903681
930,False,6893504738076167426
931,False,6896550572653120770
932,False,6903091992268459265
933,False,6896541657471241474
934,False,6877149710428245249
935,False,6886066384246443265
936,False,6889428056704961793
937,False,6876320502848261378
938,False,6905326071026109697
939,False,6906841661821717762
940,False,6889437057261866242
941,False,6906514963569888513
942,False,6904645678018923777
943,False,6884935459110178049
944,False,6906048081628859650
945,False,6902396851106925825
946,False,6901833660224326914
947,False,6896576430491143426
948,False,6902451462962547969
949,False,6906932916631129346
950,False,6902823504383659266
951,False,6908401262065143045
952,False,6882342986634595586
953,False,6880134891753852162
954,False,6885791166248340737
955,False,6882758194754522369
956,False,6876857501397159170
957,False,6884981166659751169
958,False,6892131074093223170
959,False,6878751105589824770
960,False,6877251331145370881
961,False,6891284879233879298
962,False,6888674709433535745
963,False,6899443808321277185
964,False,6891256269898878209
965,False,6884287238138645761
966,False,6899727630472383746
967,False,6882547868792524034
968,False,6888486575005617409
969,False,6898499724245093633
970,False,6888873392234056962
971,False,6893192903749913858
972,False,6885774617479302402
973,False,6904405263386758402
974,False,6892745555836013826
975,False,6896469887732960513
976,False,6875370613523909890
977,False,6886843424310414594
978,False,6884933447480003842
979,False,6880501583231061249
980,False,6878165800902085890
981,False,6886383962885737730
982,False,6884933059758755073
983,False,6904236597529595138
984,False,6904653648349957377
985,False,6897534534636604674
986,False,6895303013867539713
987,False,6879000638458449153
988,False,6895388317680946433
989,False,6886265289206435074
990,False,6877036154982616321
991,False,6902294648451075330
992,False,6880877914078842113
993,False,6887869748458130690
994,False,6893119957534510338
995,False,6886060490687106306
996,False,6885674156655021314
997,False,6889712383049108737
998,False,6892072950648802561
999,False,6877981740690935041
